timestamp,src_ip,dst_ip,src_port,dst_port,protocol,bytes_in,bytes_out,duration,event_type,severity,username,host
2025-10-27 16:30:43,185.220.101.32,192.168.1.1,54543,22,TCP,927,455,78,ssh_bruteforce,critical,user2,host-14
2025-10-26 23:17:59,10.0.0.4,192.168.1.22,15243,143,TCP,20371,16303,113,normal_traffic,low,,host-20
2025-10-26 21:49:07,192.168.1.39,10.0.0.10,47816,993,TCP,1277,15205,78,normal_traffic,low,root,host-15
2025-10-25 16:58:44,192.168.1.3,10.0.0.23,1993,22,TCP,1421,2289,17,ssh_bruteforce,critical,user2,host-07
2025-10-26 15:26:33,45.89.22.4,10.0.0.12,37013,25,TCP,369,83,4,port_scan,high,user2,host-19
2025-10-23 17:53:18,192.168.1.41,172.16.0.12,48750,80,TCP,2027,1986,79,web_request,low,user1,host-07
2025-10-23 19:36:49,172.217.16.142,192.168.1.18,6497,143,TCP,796,107,1,port_scan,high,admin,host-10
2025-10-24 12:47:11,172.16.0.14,192.168.1.17,57219,22,TCP,4957,273,76,ssh_login,low,user2,host-02
2025-10-26 01:21:56,192.168.1.12,172.16.0.14,40042,21,TCP,10965,24172,48,normal_traffic,low,sshuser,host-20
2025-10-27 18:27:56,192.168.1.15,10.0.0.16,28658,53,UDP,16310,7068,56,normal_traffic,low,webuser,host-09
2025-10-22 18:18:07,10.0.0.12,192.168.1.41,1376,25,TCP,27741,15491,70,normal_traffic,low,webuser,host-01
2025-10-22 23:53:22,91.189.89.199,10.0.0.8,58111,443,TCP,2074,1156,118,web_request,low,sshuser,host-07
2025-10-27 23:02:25,192.168.1.13,10.0.0.3,52089,53,UDP,24546,24171,85,normal_traffic,low,,host-01
2025-10-24 01:32:25,10.0.0.3,192.168.1.47,24954,21,TCP,277,252,4,port_scan,high,user1,host-19
2025-10-25 00:16:11,198.51.100.75,192.168.1.34,63138,445,TCP,15262,10046,7,normal_traffic,low,,host-09
2025-10-26 01:46:07,10.0.0.7,10.0.0.11,63764,25,TCP,3165,371,10,failed_login,medium,,host-15
2025-10-25 01:21:12,172.16.0.14,192.168.1.28,57160,22,TCP,49675,5853,5,normal_traffic,low,webuser,host-10
2025-10-27 14:51:42,192.168.1.19,172.16.0.16,65387,995,TCP,48899,7344,39,normal_traffic,low,webuser,host-10
2025-10-25 21:05:33,172.16.0.18,192.168.1.47,51546,25,TCP,20321,574,29,normal_traffic,low,admin,host-19
2025-10-26 18:19:48,104.16.249.249,172.16.0.7,52843,22,TCP,348,786,73,ssh_bruteforce,critical,user2,host-02
2025-10-24 21:56:31,10.0.0.5,192.168.1.27,23699,22,TCP,4140,240,6,ssh_login,low,user1,host-08
2025-10-21 16:16:50,10.0.0.25,192.168.1.3,58176,110,TCP,3051,15770,63,normal_traffic,low,,host-08
2025-10-26 02:37:28,192.168.1.41,192.168.1.42,35513,143,TCP,2766,2451,114,failed_login,medium,,host-06
2025-10-26 19:19:39,172.16.0.7,10.0.0.17,63262,80,TCP,1211,2266,4,web_request,low,admin,host-07
2025-10-27 17:11:03,192.168.1.21,172.16.0.10,7132,22,TCP,1004,855,69,ssh_bruteforce,critical,user2,host-16
2025-10-22 19:19:58,10.0.0.15,192.168.1.49,29247,443,TCP,2672,1454,24,web_request,low,admin,host-10
2025-10-27 15:12:30,172.16.0.4,192.168.1.3,32092,53,UDP,4624,990,23,dns_query,low,sshuser,host-06
2025-10-27 19:27:02,192.168.1.35,10.0.0.17,1631,139,TCP,740,352,1,port_scan,high,ftpuser,host-04
2025-10-24 04:38:10,10.0.0.8,192.168.1.45,16772,443,TCP,997,1079,56,web_request,low,user1,host-17
2025-10-26 04:43:04,172.16.0.9,10.0.0.8,8939,53,UDP,4989,488,46,dns_query,low,user2,host-10
2025-10-24 19:37:29,198.51.100.75,192.168.1.20,17823,22,TCP,3677,1016,54,ssh_bruteforce,critical,user1,host-15
2025-10-26 08:57:19,10.0.0.13,192.168.1.1,4725,445,TCP,6082,4875,3,normal_traffic,low,sshuser,host-05
2025-10-23 20:05:48,10.0.0.5,172.16.0.13,60528,22,TCP,2375,517,101,ssh_bruteforce,critical,root,host-16
2025-10-21 16:20:17,104.16.249.249,172.16.0.1,59592,143,TCP,16372,16133,78,normal_traffic,low,ftpuser,host-02
2025-10-26 18:15:06,151.101.193.140,192.168.1.43,2342,53,UDP,4130,503,88,dns_query,low,,host-16
2025-10-21 19:34:12,151.101.193.140,192.168.1.3,16428,80,TCP,4706,181,77,failed_login,medium,user1,host-10
2025-10-27 01:51:18,192.168.1.22,172.16.0.14,51552,139,TCP,29400,21002,3,normal_traffic,low,webuser,host-20
2025-10-22 22:38:43,91.189.89.199,192.168.1.32,1391,21,TCP,37718,5685,88,normal_traffic,low,,host-13
2025-10-27 01:17:20,10.0.0.27,192.168.1.29,37031,80,TCP,36776,16653,82,normal_traffic,low,webuser,host-04
2025-10-23 19:43:04,172.16.0.6,10.0.0.17,12905,3389,TCP,21856,18753,78,normal_traffic,low,user2,host-05
2025-10-27 14:54:12,192.168.1.10,192.168.1.39,57538,445,TCP,40997,9842,51,normal_traffic,low,,host-01
2025-10-21 18:29:36,192.168.1.42,172.16.0.6,18267,80,TCP,3447,1147,25,web_request,low,ftpuser,host-01
2025-10-21 23:54:00,10.0.0.3,192.168.1.49,9570,80,TCP,281223,1564,161,web_attack,critical,sshuser,host-04
2025-10-24 21:05:12,192.168.1.7,10.0.0.7,9068,53,UDP,934,1754,115,dns_query,low,user2,host-20
2025-10-24 01:08:36,192.168.1.27,192.168.1.45,2672,80,TCP,2575,1653,100,web_request,low,ftpuser,host-03
2025-10-26 16:59:11,192.168.1.13,192.168.1.5,37854,80,TCP,3729,2491,120,web_request,low,webuser,host-01
2025-10-24 18:56:45,10.0.0.1,172.16.0.4,52079,22,TCP,1854,660,62,ssh_bruteforce,critical,root,host-09
2025-10-23 19:08:34,172.16.0.15,192.168.1.37,3838,443,TCP,1916,1239,87,web_request,low,,host-06
2025-10-22 17:48:45,10.0.0.21,192.168.1.26,1529,21,TCP,30809,6581,105,normal_traffic,low,user1,host-06
2025-10-26 18:14:30,192.168.1.26,10.0.0.19,46923,22,TCP,1538,1436,59,ssh_bruteforce,critical,,host-20
2025-10-27 14:15:42,45.89.22.4,10.0.0.6,1383,80,TCP,238,504,41,web_request,low,admin,host-06
2025-10-21 21:35:34,192.168.1.45,10.0.0.25,18895,443,TCP,1045,297,22,web_request,low,user1,host-20
2025-10-25 02:24:40,198.51.100.75,192.168.1.35,53311,143,TCP,231,126,2,port_scan,high,webuser,host-19
2025-10-26 22:53:44,10.0.0.16,10.0.0.24,60507,993,TCP,13651,19552,89,normal_traffic,low,webuser,host-15
2025-10-22 18:59:13,10.0.0.14,192.168.1.20,23429,80,TCP,2842,488,51,web_request,low,,host-02
2025-10-23 00:42:04,192.168.1.14,10.0.0.11,10420,443,TCP,1251,1465,30,web_request,low,webuser,host-06
2025-10-24 23:35:24,185.220.101.32,192.168.1.3,47329,22,TCP,47310,22917,68,normal_traffic,low,user1,host-03
2025-10-27 17:54:05,91.189.89.199,10.0.0.21,3495,443,TCP,21571,2790,42,normal_traffic,low,,host-04
2025-10-25 18:25:07,10.0.0.28,10.0.0.22,43467,443,TCP,2743,120,3,web_request,low,root,host-18
2025-10-27 21:45:25,172.16.0.15,192.168.1.31,22514,443,TCP,1178,897,120,web_request,low,admin,host-09
2025-10-23 20:43:57,192.168.1.10,192.168.1.16,42126,53,UDP,3367,2322,31,dns_query,low,ftpuser,host-19
2025-10-27 20:43:31,192.168.1.33,172.16.0.18,36779,3389,TCP,34494,23030,42,normal_traffic,low,sshuser,host-10
2025-10-21 19:53:46,172.16.0.9,10.0.0.10,37067,80,TCP,1666,473,114,web_request,low,root,host-13
2025-10-21 12:17:27,192.168.1.49,192.168.1.39,41584,53,UDP,1600,369,98,dns_query,low,sshuser,host-01
2025-10-24 20:54:25,172.16.0.3,192.168.1.48,16437,22,TCP,348,2397,17,ssh_login,low,user2,host-20
2025-10-26 16:49:48,151.101.193.140,10.0.0.22,44654,53,UDP,3953,1662,13,dns_query,low,admin,host-05
2025-10-25 21:14:55,185.220.101.32,192.168.1.46,7088,53,UDP,3295,2364,100,dns_query,low,sshuser,host-02
2025-10-22 21:55:16,192.168.1.48,10.0.0.12,61523,22,TCP,1904,1776,25,ssh_bruteforce,critical,admin,host-04
2025-10-22 21:05:16,185.220.101.32,10.0.0.27,9932,53,UDP,3658,1334,94,dns_query,low,,host-05
2025-10-23 21:51:36,192.168.1.3,10.0.0.12,29857,21,TCP,16171,13513,104,normal_traffic,low,user1,host-07
2025-10-26 17:58:21,172.16.0.19,10.0.0.8,45765,22,TCP,2116,1753,25,ssh_login,low,admin,host-11
2025-10-26 18:35:32,10.0.0.10,192.168.1.41,54292,139,TCP,46260,883,107,normal_traffic,low,webuser,host-02
2025-10-21 23:00:59,192.168.1.47,192.168.1.18,29874,21,TCP,37374,7931,90,normal_traffic,low,,host-20
2025-10-27 16:02:57,203.0.113.50,10.0.0.4,19538,53,UDP,3635,205,95,dns_query,low,user1,host-14
2025-10-22 20:52:29,10.0.0.22,192.168.1.36,57020,445,TCP,4755,1877,18,malware_detected,critical,user1,host-10
2025-10-27 18:17:42,172.16.0.9,192.168.1.46,19854,22,TCP,3955,2057,3,ssh_login,low,,host-03
2025-10-25 18:10:36,192.168.1.46,192.168.1.49,2948,53,UDP,1307,1692,62,dns_query,low,ftpuser,host-08
2025-10-22 22:32:50,10.0.0.5,192.168.1.48,54235,110,TCP,16561,19294,15,normal_traffic,low,user2,host-10
2025-10-28 01:26:50,198.51.100.75,172.16.0.18,52420,22,TCP,2129,2107,6,ssh_login,low,admin,host-09
2025-10-22 22:34:38,192.168.1.26,10.0.0.9,65366,22,TCP,2064,1070,45,ssh_login,low,admin,host-01
2025-10-24 02:42:56,192.168.1.17,10.0.0.9,23127,110,TCP,33035,21815,46,normal_traffic,low,webuser,host-15
2025-10-24 13:25:27,192.168.1.48,10.0.0.11,46369,993,TCP,29499,6785,12,normal_traffic,low,webuser,host-07
2025-10-27 19:14:00,10.0.0.24,192.168.1.37,60930,139,TCP,17496,4523,30,normal_traffic,low,user1,host-07
2025-10-21 22:32:47,192.168.1.41,10.0.0.20,48087,80,TCP,3901,1484,60,web_request,low,user1,host-07
2025-10-24 00:54:23,172.16.0.16,192.168.1.20,14670,80,TCP,2724,1056,36,web_request,low,ftpuser,host-01
2025-10-24 00:28:46,10.0.0.24,10.0.0.1,55478,993,TCP,46589,6008,59,normal_traffic,low,user1,host-16
2025-10-27 23:26:56,192.168.1.31,10.0.0.25,64826,443,TCP,223257,7089,282,web_attack,critical,user1,host-12
2025-10-24 00:05:17,172.16.0.11,192.168.1.36,46349,53,UDP,4720,2100,23,dns_query,low,user2,host-13
2025-10-28 03:26:22,10.0.0.24,192.168.1.26,57994,22,TCP,1267,545,62,ssh_login,low,admin,host-20
2025-10-21 18:00:29,151.101.193.140,192.168.1.1,13600,445,TCP,17543,23799,61,normal_traffic,low,,host-04
2025-10-25 13:46:55,192.168.1.32,192.168.1.31,54967,110,TCP,31329,9747,14,normal_traffic,low,webuser,host-09
2025-10-21 19:55:56,104.16.249.249,192.168.1.29,42104,443,TCP,3059,2253,49,web_request,low,root,host-10
2025-10-24 16:36:49,192.168.1.17,10.0.0.15,7098,995,TCP,1331,470,79,failed_login,medium,user2,host-14
2025-10-23 18:19:25,151.101.193.140,192.168.1.26,32861,25,TCP,13065,4493,110,normal_traffic,low,ftpuser,host-11
2025-10-24 17:53:07,192.168.1.25,192.168.1.43,44679,993,TCP,18515,24297,9,normal_traffic,low,webuser,host-11
2025-10-23 22:17:11,203.0.113.50,192.168.1.20,59921,3389,TCP,3788,178,4,malware_detected,critical,user1,host-15
2025-10-24 22:03:47,172.16.0.3,192.168.1.6,40097,3389,TCP,2732,1354,88,failed_login,medium,admin,host-10
2025-10-23 15:44:44,198.51.100.75,192.168.1.39,59731,25,TCP,179,256,1,port_scan,high,ftpuser,host-16
2025-10-24 13:56:01,172.217.16.142,10.0.0.15,27480,22,TCP,3267,1345,47,ssh_bruteforce,critical,,host-05
2025-10-26 15:49:47,192.168.1.9,192.168.1.36,52338,445,TCP,1967,196,84,failed_login,medium,,host-20
2025-10-26 01:36:06,151.101.193.140,192.168.1.39,33417,139,TCP,1262,169,93,malware_detected,critical,admin,host-02
2025-10-21 14:48:55,172.217.16.142,10.0.0.15,16782,22,TCP,589,364,3,port_scan,high,user2,host-09
2025-10-27 18:41:50,172.16.0.5,10.0.0.22,59569,53,UDP,2113,567,100,dns_query,low,admin,host-19
2025-10-25 15:52:49,91.189.89.199,172.16.0.11,44926,80,TCP,367,965,66,web_request,low,webuser,host-14
2025-10-27 12:26:01,192.168.1.37,192.168.1.35,13007,3389,TCP,22594,19050,48,normal_traffic,low,admin,host-15
2025-10-26 14:37:12,10.0.0.7,192.168.1.46,16930,53,UDP,954,1021,36,dns_query,low,root,host-19
2025-10-25 22:31:31,10.0.0.4,10.0.0.23,6824,21,TCP,37885,2269,92,normal_traffic,low,user1,host-17
2025-10-27 15:55:11,172.16.0.13,10.0.0.16,42258,3389,TCP,632,137,1,port_scan,high,user1,host-04
2025-10-23 19:28:40,10.0.0.22,192.168.1.15,24072,110,TCP,46692,24150,23,normal_traffic,low,root,host-01
2025-10-27 22:30:46,104.16.249.249,192.168.1.11,15445,3389,TCP,727,370,5,port_scan,high,admin,host-08
2025-10-25 20:57:24,203.0.113.50,10.0.0.18,39041,445,TCP,159,256,3,port_scan,high,sshuser,host-12
2025-10-22 19:52:06,192.168.1.7,192.168.1.16,13926,143,TCP,34909,15756,73,normal_traffic,low,ftpuser,host-11
2025-10-27 16:26:07,104.16.249.249,172.16.0.9,27817,110,TCP,48802,16263,13,normal_traffic,low,webuser,host-20
2025-10-26 19:15:30,192.168.1.14,172.16.0.1,58031,22,TCP,4986,1728,57,ssh_login,low,root,host-18
2025-10-25 19:59:34,10.0.0.12,192.168.1.14,54467,443,TCP,15119,22058,4,normal_traffic,low,user2,host-02
2025-10-25 15:58:32,192.168.1.20,192.168.1.17,57902,53,UDP,2990,1431,33,dns_query,low,user2,host-04
2025-10-24 18:25:04,192.168.1.1,192.168.1.13,15366,22,TCP,3206,1124,120,ssh_login,low,root,host-05
2025-10-24 19:17:24,10.0.0.29,10.0.0.5,62975,80,TCP,4730,1715,64,web_request,low,ftpuser,host-08
2025-10-27 18:52:26,10.0.0.26,10.0.0.11,17622,21,TCP,2463,1039,39,failed_login,medium,user2,host-15
2025-10-26 17:35:19,151.101.193.140,192.168.1.13,12144,53,UDP,1843,2381,60,dns_query,low,,host-07
2025-10-23 15:42:04,10.0.0.8,10.0.0.14,11731,53,UDP,1175,1000,53,dns_query,low,root,host-20
2025-10-22 23:36:34,192.168.1.2,172.16.0.1,28861,110,TCP,23145,24345,102,normal_traffic,low,root,host-20
2025-10-24 19:12:44,45.89.22.4,192.168.1.6,20961,80,TCP,297800,4778,105,web_attack,critical,root,host-06
2025-10-22 01:25:46,10.0.0.16,10.0.0.16,20834,110,TCP,1721,15409,59,normal_traffic,low,ftpuser,host-08
2025-10-21 22:15:49,192.168.1.40,10.0.0.23,28653,53,UDP,150,282,1,port_scan,high,sshuser,host-20
2025-10-26 09:23:47,185.220.101.32,172.16.0.14,31934,22,TCP,2216,629,67,ssh_login,low,root,host-12
2025-10-24 00:14:32,192.168.1.36,10.0.0.21,42287,143,TCP,43738,656,36,normal_traffic,low,,host-08
2025-10-24 19:50:59,192.168.1.1,10.0.0.15,14382,139,TCP,3670,17028,109,normal_traffic,low,sshuser,host-09
2025-10-25 03:56:18,192.168.1.30,192.168.1.4,43620,80,TCP,540,1225,64,web_request,low,root,host-15
2025-10-22 19:41:08,172.16.0.5,192.168.1.35,4648,445,TCP,223,261,4,port_scan,high,sshuser,host-16
2025-10-23 15:07:41,172.16.0.14,192.168.1.11,50385,110,TCP,7280,817,86,normal_traffic,low,admin,host-15
2025-10-28 00:23:39,192.168.1.35,192.168.1.46,50894,21,TCP,47564,23360,7,normal_traffic,low,user2,host-12
2025-10-22 23:46:47,192.168.1.20,192.168.1.38,35387,22,TCP,3043,1216,11,ssh_login,low,admin,host-01
2025-10-25 16:12:57,192.168.1.47,192.168.1.44,23524,443,TCP,499927,3509,280,web_attack,critical,ftpuser,host-13
2025-10-26 22:31:41,198.51.100.75,10.0.0.14,39869,995,TCP,22474,3270,16,normal_traffic,low,webuser,host-07
2025-10-21 14:42:12,192.168.1.42,172.16.0.18,22159,443,TCP,2701,1555,32,web_request,low,sshuser,host-09
2025-10-27 23:17:53,192.168.1.23,172.16.0.1,17276,22,TCP,3526,1763,31,ssh_login,low,user1,host-09
2025-10-25 20:31:30,185.220.101.32,172.16.0.5,11850,993,TCP,46795,1658,90,normal_traffic,low,webuser,host-08
2025-10-23 20:12:59,192.168.1.37,192.168.1.39,55059,445,TCP,9386,6862,85,normal_traffic,low,webuser,host-10
2025-10-25 19:30:45,10.0.0.3,10.0.0.13,31358,21,TCP,4109,10529,89,normal_traffic,low,root,host-17
2025-10-22 14:02:24,104.16.249.249,192.168.1.18,47847,443,TCP,4907,2230,69,web_request,low,root,host-03
2025-10-21 22:22:45,172.16.0.1,10.0.0.18,26474,22,TCP,4922,416,40,ssh_bruteforce,critical,,host-06
2025-10-23 18:57:29,10.0.0.5,10.0.0.11,26020,443,TCP,3186,1696,117,web_request,low,webuser,host-14
2025-10-25 17:12:11,198.51.100.75,172.16.0.3,51713,110,TCP,30366,15386,7,normal_traffic,low,root,host-12
2025-10-27 19:07:38,192.168.1.37,172.16.0.1,27294,3389,TCP,40440,18612,60,normal_traffic,low,webuser,host-07
2025-10-23 20:19:00,10.0.0.11,172.16.0.12,63387,53,UDP,4289,1597,53,dns_query,low,root,host-20
2025-10-22 18:38:05,192.168.1.31,172.16.0.5,28607,22,TCP,603,1385,80,ssh_login,low,user2,host-16
2025-10-27 22:31:55,198.51.100.75,192.168.1.40,49098,53,UDP,359,238,51,dns_query,low,user2,host-17
2025-10-23 23:53:36,10.0.0.1,10.0.0.22,6236,53,UDP,4059,529,19,dns_query,low,user1,host-16
2025-10-22 18:58:23,10.0.0.12,192.168.1.30,19745,53,UDP,2491,1988,75,dns_query,low,user2,host-13
2025-10-27 23:30:25,192.168.1.3,172.16.0.15,8969,995,TCP,47957,6741,104,normal_traffic,low,webuser,host-12
2025-10-23 18:52:02,198.51.100.75,192.168.1.12,22777,53,UDP,2800,597,96,dns_query,low,webuser,host-09
2025-10-26 20:12:28,185.220.101.32,192.168.1.34,7609,21,TCP,724,202,4,port_scan,high,user2,host-12
2025-10-27 17:08:15,192.168.1.48,172.16.0.1,55890,21,TCP,20572,24716,102,normal_traffic,low,sshuser,host-13
2025-10-27 22:52:18,91.189.89.199,10.0.0.13,30428,995,TCP,26289,3520,88,normal_traffic,low,ftpuser,host-15
2025-10-26 18:17:00,192.168.1.30,192.168.1.4,26309,21,TCP,763,278,3,port_scan,high,,host-01
2025-10-24 08:58:05,198.51.100.75,10.0.0.8,43720,443,TCP,4322,1302,109,web_request,low,user2,host-07
2025-10-26 14:45:39,203.0.113.50,172.16.0.18,31681,53,UDP,757,2290,85,dns_query,low,sshuser,host-07
2025-10-27 00:13:06,192.168.1.22,192.168.1.34,27741,993,TCP,29511,3210,57,normal_traffic,low,sshuser,host-14
2025-10-24 21:07:33,192.168.1.16,10.0.0.1,54875,443,TCP,4762,1947,83,web_request,low,ftpuser,host-01
2025-10-27 05:20:48,203.0.113.50,192.168.1.3,63341,80,TCP,233258,8994,290,web_attack,critical,user2,host-04
2025-10-23 23:00:35,192.168.1.39,192.168.1.7,55040,995,TCP,16267,19322,59,normal_traffic,low,sshuser,host-07
2025-10-24 17:07:27,192.168.1.32,192.168.1.8,54442,22,TCP,1534,1126,74,ssh_bruteforce,critical,,host-01
2025-10-27 18:13:40,10.0.0.27,10.0.0.6,63417,80,TCP,1589,2494,103,web_request,low,root,host-06
2025-10-26 17:53:03,91.189.89.199,192.168.1.33,21959,3389,TCP,591,279,4,port_scan,high,sshuser,host-08
2025-10-26 13:02:38,192.168.1.7,192.168.1.46,9620,80,TCP,49648,18064,90,normal_traffic,low,ftpuser,host-18
2025-10-23 17:19:30,151.101.193.140,192.168.1.38,49364,53,UDP,622,1726,33,dns_query,low,,host-19
2025-10-21 11:56:22,10.0.0.4,172.16.0.12,37968,139,TCP,43668,24957,111,normal_traffic,low,sshuser,host-04
2025-10-26 17:50:56,91.189.89.199,10.0.0.3,64958,143,TCP,5597,22233,59,normal_traffic,low,webuser,host-05
2025-10-26 04:01:04,10.0.0.1,10.0.0.5,26747,80,TCP,2945,6406,44,normal_traffic,low,,host-16
2025-10-24 00:57:42,10.0.0.26,192.168.1.28,24297,443,TCP,2820,422,57,web_request,low,root,host-16
2025-10-24 21:24:30,10.0.0.4,192.168.1.11,16519,993,TCP,11994,16541,64,normal_traffic,low,,host-19
2025-10-27 21:54:01,104.16.249.249,172.16.0.12,2303,143,TCP,36316,10828,9,normal_traffic,low,webuser,host-18
2025-10-25 01:48:37,192.168.1.32,172.16.0.7,52808,995,TCP,20032,23756,100,normal_traffic,low,root,host-04
2025-10-22 23:37:58,192.168.1.44,172.16.0.11,45873,22,TCP,19326,4473,31,normal_traffic,low,,host-19
2025-10-23 20:47:16,45.89.22.4,172.16.0.15,21218,22,TCP,3035,1442,60,ssh_login,low,user2,host-12
2025-10-24 15:57:07,10.0.0.4,192.168.1.31,22623,143,TCP,12451,8863,41,normal_traffic,low,user1,host-07
2025-10-27 22:05:59,151.101.193.140,10.0.0.8,29095,3389,TCP,12187,3059,35,normal_traffic,low,root,host-13
2025-10-27 19:44:26,91.189.89.199,172.16.0.6,5013,443,TCP,1831,1623,23,web_request,low,user1,host-07
2025-10-23 22:27:01,192.168.1.26,10.0.0.17,29592,22,TCP,3996,2353,100,ssh_login,low,user1,host-12
2025-10-25 21:15:43,192.168.1.32,172.16.0.3,59638,995,TCP,16008,541,39,normal_traffic,low,user2,host-14
2025-10-21 18:39:15,172.217.16.142,10.0.0.28,11887,80,TCP,4649,391,82,web_request,low,user2,host-09
2025-10-24 03:10:13,45.89.22.4,192.168.1.34,32080,80,TCP,17400,5549,117,normal_traffic,low,,host-20
2025-10-23 17:02:37,172.16.0.9,172.16.0.3,4003,80,TCP,325,456,79,web_request,low,user2,host-15
2025-10-25 21:09:32,192.168.1.48,192.168.1.25,5224,443,TCP,4913,1616,13,web_request,low,root,host-04
2025-10-27 17:59:17,172.16.0.17,192.168.1.13,47180,443,TCP,422265,8255,160,web_attack,critical,webuser,host-13
2025-10-26 22:12:33,192.168.1.24,192.168.1.28,5066,22,TCP,3499,747,91,ssh_login,low,admin,host-16
2025-10-22 21:26:58,172.16.0.13,192.168.1.26,28639,993,TCP,1825,516,20,malware_detected,critical,root,host-13
2025-10-23 23:50:44,203.0.113.50,192.168.1.16,36198,22,TCP,4442,1864,46,ssh_bruteforce,critical,admin,host-06
2025-10-26 22:01:52,192.168.1.28,192.168.1.5,13951,53,UDP,2461,1999,6,dns_query,low,ftpuser,host-11
2025-10-22 19:13:40,192.168.1.21,10.0.0.19,28753,53,UDP,2238,680,60,dns_query,low,user1,host-14
2025-10-26 04:12:42,10.0.0.1,192.168.1.41,32826,22,TCP,1733,1815,12,ssh_login,low,root,host-18
2025-10-21 23:05:55,172.217.16.142,192.168.1.38,49679,53,UDP,4750,1133,87,dns_query,low,admin,host-20
2025-10-27 22:20:09,192.168.1.22,192.168.1.25,16296,22,TCP,1810,725,45,ssh_bruteforce,critical,user1,host-14
2025-10-23 22:44:42,203.0.113.50,10.0.0.23,23342,143,TCP,4393,20484,65,normal_traffic,low,webuser,host-07
2025-10-24 05:13:05,192.168.1.32,172.16.0.12,56789,21,TCP,9205,3254,3,normal_traffic,low,user1,host-04
2025-10-23 03:13:13,104.16.249.249,172.16.0.17,57742,22,TCP,4326,1199,63,ssh_bruteforce,critical,user2,host-15
2025-10-23 21:35:27,203.0.113.50,10.0.0.16,25537,80,TCP,3559,2246,69,web_request,low,user1,host-18
2025-10-25 04:51:48,192.168.1.13,192.168.1.5,52081,80,TCP,885,279,114,web_request,low,sshuser,host-08
2025-10-27 16:52:48,104.16.249.249,10.0.0.13,24802,80,TCP,1137,228,106,web_request,low,ftpuser,host-07
2025-10-21 16:15:12,192.168.1.27,10.0.0.1,60266,443,TCP,4539,792,81,web_request,low,sshuser,host-12
2025-10-25 03:05:24,10.0.0.21,192.168.1.2,8021,443,TCP,4310,245,57,web_request,low,ftpuser,host-01
2025-10-22 18:31:27,10.0.0.4,192.168.1.30,30872,53,UDP,3531,1526,103,dns_query,low,webuser,host-13
2025-10-28 01:07:49,10.0.0.16,172.16.0.18,7682,22,TCP,20494,12206,39,normal_traffic,low,root,host-08
2025-10-26 00:15:45,104.16.249.249,192.168.1.24,61105,22,TCP,3054,1703,70,ssh_login,low,user2,host-08
2025-10-25 22:02:18,10.0.0.14,10.0.0.22,33182,25,TCP,14304,1751,60,normal_traffic,low,webuser,host-14
2025-10-24 17:12:14,10.0.0.20,172.16.0.11,42042,21,TCP,3695,191,117,malware_detected,critical,root,host-02
2025-10-24 17:51:44,192.168.1.29,172.16.0.13,22277,53,UDP,4782,2148,65,dns_query,low,user2,host-14
2025-10-26 05:09:05,91.189.89.199,192.168.1.4,65178,139,TCP,6358,6906,29,normal_traffic,low,,host-13
2025-10-26 22:03:09,192.168.1.24,10.0.0.3,5697,80,TCP,4812,1979,71,web_request,low,webuser,host-11
2025-10-26 19:22:09,10.0.0.21,172.16.0.8,13837,53,UDP,48683,5055,1,normal_traffic,low,user1,host-06
2025-10-25 20:24:05,172.217.16.142,192.168.1.49,40027,22,TCP,3572,1262,86,ssh_login,low,root,host-08
2025-10-22 20:24:19,185.220.101.32,10.0.0.3,55897,22,TCP,1536,847,75,ssh_login,low,admin,host-10
2025-10-23 16:44:46,10.0.0.17,192.168.1.49,54824,3389,TCP,43920,16000,25,normal_traffic,low,sshuser,host-16
2025-10-28 01:50:33,203.0.113.50,192.168.1.3,63921,25,TCP,27083,23079,38,normal_traffic,low,webuser,host-17
2025-10-27 01:40:50,10.0.0.25,192.168.1.27,24672,80,TCP,246,802,66,web_request,low,ftpuser,host-14
2025-10-27 00:30:42,172.16.0.16,172.16.0.19,50450,443,TCP,3048,1481,43,web_request,low,webuser,host-02
2025-10-24 21:14:09,192.168.1.10,10.0.0.25,28175,22,TCP,343,1016,119,ssh_bruteforce,critical,user2,host-08
2025-10-21 21:32:05,198.51.100.75,192.168.1.14,15801,53,UDP,4092,1160,102,dns_query,low,sshuser,host-03
2025-10-26 21:33:04,151.101.193.140,172.16.0.15,56645,22,TCP,4827,1763,12,ssh_bruteforce,critical,user1,host-19
2025-10-25 20:14:32,172.16.0.17,192.168.1.5,12854,53,UDP,2747,1072,21,dns_query,low,ftpuser,host-12
2025-10-27 21:47:19,172.16.0.2,192.168.1.10,32934,110,TCP,29546,18458,97,normal_traffic,low,root,host-12
2025-10-21 22:55:58,10.0.0.2,10.0.0.10,48436,443,TCP,4804,1589,14,web_request,low,user2,host-14
2025-10-22 21:22:36,192.168.1.6,172.16.0.10,31176,80,TCP,4586,1496,79,failed_login,medium,root,host-11
2025-10-26 16:39:21,185.220.101.32,192.168.1.9,10801,3389,TCP,1994,1678,117,failed_login,medium,user2,host-10
2025-10-23 22:54:45,172.217.16.142,192.168.1.40,44290,443,TCP,3166,1234,95,web_request,low,admin,host-03
2025-10-24 22:47:13,10.0.0.15,172.16.0.19,63222,3389,TCP,13321,21107,76,normal_traffic,low,webuser,host-04
2025-10-22 23:14:22,192.168.1.11,172.16.0.2,12365,25,TCP,38357,19731,114,normal_traffic,low,admin,host-01
2025-10-23 01:39:57,151.101.193.140,10.0.0.10,37181,53,UDP,22445,18667,91,normal_traffic,low,admin,host-19
2025-10-25 19:39:31,172.16.0.14,172.16.0.9,42134,80,TCP,1315,2105,115,web_request,low,,host-12
2025-10-22 22:14:01,10.0.0.19,10.0.0.2,29977,22,TCP,35337,1396,81,normal_traffic,low,user2,host-05
2025-10-22 01:31:12,192.168.1.17,192.168.1.2,50975,22,TCP,40760,17536,101,normal_traffic,low,,host-04
2025-10-26 14:51:24,198.51.100.75,192.168.1.39,27350,53,UDP,2938,170,20,dns_query,low,ftpuser,host-13
2025-10-25 17:31:09,172.16.0.3,192.168.1.18,62759,445,TCP,45996,1310,85,normal_traffic,low,sshuser,host-20
2025-10-26 23:36:33,10.0.0.21,172.16.0.3,32467,25,TCP,1672,23015,110,normal_traffic,low,sshuser,host-14
2025-10-27 22:13:22,192.168.1.48,10.0.0.26,27906,22,TCP,44755,9728,31,normal_traffic,low,user1,host-18
2025-10-27 17:00:48,10.0.0.21,172.16.0.10,1279,22,TCP,2082,316,100,ssh_login,low,,host-16
2025-10-21 22:07:42,10.0.0.29,192.168.1.41,19954,445,TCP,28989,6877,58,normal_traffic,low,webuser,host-10
2025-10-25 20:01:25,185.220.101.32,10.0.0.20,53210,443,TCP,4543,1309,37,web_request,low,admin,host-05
2025-10-25 20:28:11,192.168.1.21,192.168.1.23,3305,21,TCP,9431,19935,99,normal_traffic,low,root,host-09
2025-10-22 20:32:32,192.168.1.39,192.168.1.38,9517,139,TCP,4067,6843,25,normal_traffic,low,admin,host-08
2025-10-22 20:33:14,172.217.16.142,192.168.1.17,2446,22,TCP,2946,6939,73,normal_traffic,low,sshuser,host-20
2025-10-27 03:16:18,10.0.0.4,10.0.0.14,16443,445,TCP,1439,2242,34,failed_login,medium,user2,host-20
2025-10-27 15:12:02,172.16.0.2,192.168.1.41,63932,53,UDP,2344,1429,61,dns_query,low,user2,host-17
2025-10-24 17:29:01,10.0.0.27,172.16.0.4,8290,53,UDP,3367,1556,72,dns_query,low,user1,host-08
2025-10-23 18:28:05,10.0.0.27,10.0.0.16,54528,139,TCP,40508,9437,116,normal_traffic,low,,host-19
2025-10-24 04:11:54,192.168.1.12,192.168.1.19,11863,143,TCP,44791,9998,96,normal_traffic,low,sshuser,host-09
2025-10-22 19:16:35,172.16.0.9,192.168.1.37,27626,53,UDP,3897,1494,96,dns_query,low,admin,host-05
2025-10-21 22:35:52,10.0.0.2,172.16.0.2,25570,22,TCP,5792,14213,4,normal_traffic,low,ftpuser,host-19
2025-10-27 23:16:04,10.0.0.15,192.168.1.39,51654,53,UDP,4201,1195,106,dns_query,low,,host-05
2025-10-25 21:41:42,192.168.1.14,192.168.1.10,41833,443,TCP,3401,1658,111,web_request,low,sshuser,host-19
2025-10-21 17:34:42,10.0.0.20,10.0.0.5,40781,80,TCP,28695,7492,25,normal_traffic,low,admin,host-20
2025-10-25 18:43:57,198.51.100.75,192.168.1.6,4704,53,UDP,11562,11444,77,normal_traffic,low,,host-01
2025-10-22 02:33:24,192.168.1.21,10.0.0.3,12751,143,TCP,1929,14004,91,normal_traffic,low,webuser,host-05
2025-10-21 18:10:23,192.168.1.35,172.16.0.7,24675,80,TCP,3706,863,84,web_request,low,user2,host-17
2025-10-22 16:03:07,10.0.0.2,10.0.0.27,14357,443,TCP,37989,16801,114,normal_traffic,low,webuser,host-09
2025-10-26 23:24:03,104.16.249.249,172.16.0.8,54174,21,TCP,232,420,1,port_scan,high,ftpuser,host-01
2025-10-22 19:29:50,10.0.0.23,172.16.0.10,19846,443,TCP,4992,1952,91,web_request,low,user2,host-04
2025-10-27 21:36:09,10.0.0.14,172.16.0.19,7475,3389,TCP,13112,7909,85,normal_traffic,low,user1,host-04
2025-10-24 21:38:00,10.0.0.22,192.168.1.9,31658,25,TCP,18945,17185,76,normal_traffic,low,,host-19
2025-10-26 19:53:37,198.51.100.75,192.168.1.42,39156,25,TCP,893,1368,90,failed_login,medium,admin,host-09
2025-10-21 19:38:51,172.217.16.142,10.0.0.28,58785,22,TCP,873,1415,7,ssh_bruteforce,critical,root,host-19
2025-10-22 20:55:03,203.0.113.50,10.0.0.3,16115,22,TCP,981,2333,54,ssh_login,low,root,host-10
2025-10-24 21:24:52,203.0.113.50,172.16.0.9,59699,80,TCP,351319,9418,237,web_attack,critical,user2,host-16
2025-10-26 18:24:40,192.168.1.45,192.168.1.42,11281,445,TCP,2420,551,6,failed_login,medium,user1,host-16
2025-10-22 22:35:21,10.0.0.4,10.0.0.14,4065,53,UDP,2991,1738,71,dns_query,low,,host-20
2025-10-26 01:35:33,192.168.1.14,192.168.1.8,38979,443,TCP,40944,5574,47,normal_traffic,low,ftpuser,host-10
2025-10-27 00:05:40,192.168.1.10,192.168.1.26,61463,25,TCP,9315,5729,27,normal_traffic,low,root,host-17
2025-10-26 02:23:51,151.101.193.140,192.168.1.28,42642,80,TCP,3890,1685,5,web_request,low,admin,host-09
2025-10-23 22:56:38,192.168.1.20,192.168.1.18,48446,53,UDP,2221,145,30,dns_query,low,ftpuser,host-09
2025-10-25 19:56:49,192.168.1.30,10.0.0.16,8775,22,TCP,10649,14883,79,normal_traffic,low,admin,host-13
2025-10-28 04:31:47,172.217.16.142,192.168.1.23,63696,3389,TCP,4485,483,61,malware_detected,critical,sshuser,host-20
2025-10-23 18:25:22,172.217.16.142,172.16.0.10,61850,21,TCP,36841,10466,98,normal_traffic,low,user1,host-03
2025-10-26 06:23:54,192.168.1.2,192.168.1.47,63940,53,UDP,3523,1580,66,dns_query,low,user1,host-06
2025-10-27 01:45:29,172.16.0.15,10.0.0.19,19345,443,TCP,2901,1317,18,web_request,low,user2,host-11
2025-10-28 01:18:41,10.0.0.10,192.168.1.31,62829,443,TCP,723,523,69,web_request,low,webuser,host-06
2025-10-25 04:12:27,192.168.1.31,192.168.1.8,14106,139,TCP,7485,15590,114,normal_traffic,low,user2,host-05
2025-10-21 21:00:35,10.0.0.8,10.0.0.29,12686,53,UDP,893,133,118,dns_query,low,admin,host-16
2025-10-25 18:12:04,172.16.0.18,10.0.0.9,54395,3389,TCP,3799,407,113,failed_login,medium,admin,host-02
2025-10-23 22:18:35,172.16.0.17,192.168.1.13,38228,22,TCP,36563,17120,46,normal_traffic,low,user1,host-05
2025-10-28 03:26:48,192.168.1.9,10.0.0.8,51012,443,TCP,752,612,45,web_request,low,webuser,host-06
2025-10-25 03:43:57,10.0.0.8,192.168.1.40,26311,995,TCP,13565,11446,53,normal_traffic,low,ftpuser,host-05
2025-10-27 00:22:34,172.16.0.19,172.16.0.7,53732,53,UDP,646,940,65,dns_query,low,ftpuser,host-18
2025-10-26 22:45:05,192.168.1.15,10.0.0.28,36572,22,TCP,3525,1937,39,ssh_login,low,root,host-20
2025-10-24 16:29:52,203.0.113.50,172.16.0.6,54256,443,TCP,2518,148,40,web_request,low,webuser,host-03
2025-10-26 17:55:09,192.168.1.36,172.16.0.19,15839,3389,TCP,980,1861,70,failed_login,medium,user1,host-12
2025-10-25 15:31:12,151.101.193.140,10.0.0.18,33022,80,TCP,4395,653,33,web_request,low,user2,host-19
2025-10-25 20:06:20,192.168.1.45,172.16.0.14,13349,22,TCP,2735,1219,110,ssh_login,low,user1,host-12
2025-10-25 02:16:26,185.220.101.32,192.168.1.44,64912,22,TCP,3107,174,66,ssh_login,low,,host-11
2025-10-27 18:48:02,192.168.1.5,192.168.1.1,4664,3389,TCP,2635,18812,16,normal_traffic,low,user1,host-01
2025-10-25 20:36:08,104.16.249.249,192.168.1.10,38164,995,TCP,47369,24211,34,normal_traffic,low,admin,host-15
2025-10-21 14:51:41,198.51.100.75,192.168.1.8,15169,443,TCP,1002,2040,119,web_request,low,,host-04
2025-10-26 16:35:19,45.89.22.4,172.16.0.13,46818,443,TCP,45589,23423,25,normal_traffic,low,webuser,host-05
2025-10-21 13:44:44,192.168.1.21,192.168.1.44,65257,53,UDP,500,374,60,dns_query,low,,host-05
2025-10-26 10:01:58,10.0.0.12,192.168.1.47,29124,53,UDP,611,1148,32,dns_query,low,ftpuser,host-08
2025-10-23 22:42:45,192.168.1.3,192.168.1.16,46031,53,UDP,4125,948,64,dns_query,low,admin,host-13
2025-10-22 16:20:35,172.16.0.11,192.168.1.12,63587,80,TCP,4807,561,37,web_request,low,root,host-02
2025-10-27 18:39:39,10.0.0.23,192.168.1.24,51697,21,TCP,6897,20110,83,normal_traffic,low,webuser,host-14
2025-10-22 19:25:51,104.16.249.249,172.16.0.4,57471,443,TCP,305,2337,20,web_request,low,ftpuser,host-13
2025-10-22 16:36:12,172.16.0.13,192.168.1.8,2635,22,TCP,305,1510,74,ssh_login,low,,host-18
2025-10-23 20:06:53,104.16.249.249,172.16.0.3,21902,22,TCP,26106,10067,38,normal_traffic,low,admin,host-09
2025-10-25 18:02:24,192.168.1.39,10.0.0.14,55432,443,TCP,2193,2322,39,web_request,low,admin,host-07
2025-10-27 20:23:31,192.168.1.18,192.168.1.3,40304,25,TCP,2378,767,69,failed_login,medium,root,host-08
2025-10-24 18:50:04,10.0.0.2,192.168.1.47,33950,143,TCP,10259,12206,104,normal_traffic,low,,host-03
2025-10-27 19:53:06,203.0.113.50,192.168.1.48,47995,80,TCP,5531,9685,97,normal_traffic,low,sshuser,host-18
2025-10-21 17:13:51,172.16.0.2,10.0.0.26,14865,53,UDP,4671,1158,113,dns_query,low,,host-08
2025-10-22 20:19:00,172.16.0.14,172.16.0.5,22774,443,TCP,18363,8524,78,normal_traffic,low,webuser,host-05
2025-10-23 00:07:00,172.16.0.16,172.16.0.19,34820,445,TCP,13179,15991,36,normal_traffic,low,user1,host-08
2025-10-27 01:47:23,10.0.0.29,192.168.1.18,14702,21,TCP,1584,543,63,failed_login,medium,user1,host-10
2025-10-25 21:29:18,172.16.0.5,192.168.1.3,65298,3389,TCP,291,124,4,port_scan,high,ftpuser,host-03
2025-10-24 00:49:09,192.168.1.28,172.16.0.9,56880,22,TCP,1339,1025,46,ssh_login,low,root,host-04
2025-10-24 13:51:28,192.168.1.2,172.16.0.17,5875,445,TCP,49046,5761,49,normal_traffic,low,webuser,host-01
2025-10-21 21:00:37,172.16.0.14,192.168.1.40,5815,22,TCP,1792,709,57,ssh_login,low,,host-12
2025-10-26 19:09:20,104.16.249.249,10.0.0.25,24373,80,TCP,543,498,45,web_request,low,root,host-02
2025-10-21 23:45:43,172.16.0.13,10.0.0.18,65315,443,TCP,4853,130,93,failed_login,medium,user2,host-14
2025-10-24 21:56:02,10.0.0.21,192.168.1.36,47188,53,UDP,833,1495,70,dns_query,low,ftpuser,host-03
2025-10-22 01:15:41,10.0.0.26,192.168.1.27,47818,53,UDP,1068,572,53,dns_query,low,user1,host-02
2025-10-26 21:19:15,192.168.1.2,10.0.0.11,48438,22,TCP,215,106,110,ssh_bruteforce,critical,admin,host-06
2025-10-22 19:28:56,172.16.0.5,10.0.0.13,34311,53,UDP,3322,778,74,dns_query,low,sshuser,host-16
2025-10-24 19:36:53,10.0.0.27,192.168.1.33,44284,139,TCP,20375,19753,43,normal_traffic,low,user1,host-01
2025-10-25 20:17:16,192.168.1.5,172.16.0.8,6386,139,TCP,18828,3905,21,normal_traffic,low,user1,host-02
2025-10-26 13:47:47,172.16.0.9,192.168.1.24,61391,53,UDP,4175,1989,5,dns_query,low,,host-14
2025-10-21 15:21:50,192.168.1.21,10.0.0.4,31061,445,TCP,10773,997,105,normal_traffic,low,sshuser,host-11
2025-10-23 08:16:35,192.168.1.21,192.168.1.18,2818,110,TCP,24427,14749,29,normal_traffic,low,webuser,host-09
2025-10-25 22:30:03,198.51.100.75,172.16.0.2,30167,143,TCP,42596,7024,99,normal_traffic,low,ftpuser,host-20
2025-10-24 20:25:32,151.101.193.140,192.168.1.23,64772,53,UDP,2429,22814,90,normal_traffic,low,ftpuser,host-09
2025-10-27 15:22:45,172.16.0.19,10.0.0.14,32214,22,TCP,1503,808,29,ssh_bruteforce,critical,root,host-18
2025-10-23 02:53:52,172.16.0.4,10.0.0.12,8805,139,TCP,44882,20380,107,normal_traffic,low,ftpuser,host-18
2025-10-25 18:44:05,185.220.101.32,10.0.0.18,9841,22,TCP,4280,1033,88,ssh_bruteforce,critical,,host-18
2025-10-22 20:46:32,45.89.22.4,172.16.0.19,4425,22,TCP,248,1733,80,ssh_login,low,user1,host-06
2025-10-25 02:36:01,151.101.193.140,172.16.0.4,60385,53,UDP,45827,6771,88,normal_traffic,low,webuser,host-04
2025-10-27 18:06:19,172.16.0.10,192.168.1.37,12944,443,TCP,1738,577,89,web_request,low,,host-09
2025-10-23 15:05:47,203.0.113.50,172.16.0.8,5977,22,TCP,462,382,113,ssh_bruteforce,critical,user2,host-06
2025-10-24 19:23:36,192.168.1.48,172.16.0.12,40863,443,TCP,2762,15437,79,normal_traffic,low,admin,host-06
2025-10-23 21:53:47,91.189.89.199,192.168.1.17,13333,53,UDP,23268,4759,62,normal_traffic,low,sshuser,host-11
2025-10-23 15:09:49,151.101.193.140,10.0.0.19,11027,995,TCP,38406,23993,46,normal_traffic,low,admin,host-15
2025-10-23 20:46:59,192.168.1.7,10.0.0.3,4720,53,UDP,362,2206,88,dns_query,low,user2,host-05
2025-10-24 23:07:52,104.16.249.249,192.168.1.21,26926,21,TCP,6050,14442,80,normal_traffic,low,ftpuser,host-18
2025-10-22 18:03:10,192.168.1.3,10.0.0.19,37259,53,UDP,4578,2246,7,dns_query,low,ftpuser,host-10
2025-10-22 22:42:56,198.51.100.75,192.168.1.2,34498,22,TCP,3626,1482,13,ssh_login,low,user2,host-15
2025-10-25 20:50:56,192.168.1.7,172.16.0.11,38829,110,TCP,33007,21948,116,normal_traffic,low,,host-14
2025-10-22 14:12:33,192.168.1.15,10.0.0.27,9006,3389,TCP,20512,14838,40,normal_traffic,low,root,host-06
2025-10-22 21:02:47,203.0.113.50,10.0.0.12,51628,443,TCP,2805,1892,61,web_request,low,,host-10
2025-10-25 20:36:59,172.16.0.6,10.0.0.24,28399,445,TCP,635,458,3,port_scan,high,,host-19
2025-10-22 00:53:57,10.0.0.21,172.16.0.19,25704,22,TCP,1112,1539,52,ssh_login,low,user1,host-19
2025-10-22 20:02:44,198.51.100.75,172.16.0.7,15884,143,TCP,13444,2189,101,normal_traffic,low,webuser,host-02
2025-10-24 17:43:40,172.16.0.4,192.168.1.9,1926,995,TCP,14866,1129,13,normal_traffic,low,user2,host-16
2025-10-26 20:18:45,192.168.1.32,192.168.1.26,13875,443,TCP,2382,433,22,web_request,low,user2,host-01
2025-10-27 23:37:55,10.0.0.6,172.16.0.5,54106,80,TCP,2639,2099,48,web_request,low,user2,host-20
2025-10-25 19:38:37,172.16.0.15,10.0.0.19,6792,80,TCP,349,2107,12,web_request,low,user2,host-14
2025-10-27 15:43:29,10.0.0.28,192.168.1.12,19727,3389,TCP,21951,16757,95,normal_traffic,low,user2,host-12
2025-10-22 17:15:18,10.0.0.7,192.168.1.34,58714,22,TCP,1264,2419,21,ssh_login,low,root,host-04
2025-10-26 17:06:40,192.168.1.5,10.0.0.18,15685,443,TCP,809,115,3,port_scan,high,,host-16
2025-10-26 17:47:36,172.16.0.18,10.0.0.16,45171,80,TCP,1997,1364,17,web_request,low,root,host-17
2025-10-24 17:57:23,91.189.89.199,10.0.0.1,23179,139,TCP,21651,3287,49,normal_traffic,low,admin,host-01
2025-10-27 16:09:05,192.168.1.31,192.168.1.26,56255,110,TCP,40709,16096,11,normal_traffic,low,sshuser,host-05
2025-10-27 18:19:12,198.51.100.75,10.0.0.24,41680,22,TCP,400,1338,70,ssh_login,low,root,host-18
2025-10-25 23:41:31,172.16.0.3,192.168.1.44,14690,143,TCP,34194,1841,67,normal_traffic,low,user2,host-14
2025-10-26 20:06:34,172.16.0.19,192.168.1.35,44056,80,TCP,2639,2413,8,web_request,low,user1,host-04
2025-10-23 17:10:04,10.0.0.28,192.168.1.12,1124,3389,TCP,42730,6167,104,normal_traffic,low,user2,host-02
2025-10-28 00:36:45,192.168.1.21,192.168.1.24,38658,53,UDP,3002,1479,118,dns_query,low,root,host-16
2025-10-22 17:57:52,10.0.0.8,192.168.1.9,46554,53,UDP,3963,1600,28,dns_query,low,webuser,host-12
2025-10-25 19:01:00,45.89.22.4,172.16.0.9,15461,22,TCP,38378,14644,8,normal_traffic,low,user1,host-08
2025-10-27 14:19:30,192.168.1.34,10.0.0.2,27519,443,TCP,3059,1971,100,web_request,low,root,host-20
2025-10-21 16:38:51,192.168.1.26,192.168.1.33,48094,80,TCP,206,1215,17,web_request,low,user2,host-03
2025-10-27 21:48:48,10.0.0.11,192.168.1.46,9115,21,TCP,28280,23326,116,normal_traffic,low,root,host-20
2025-10-23 00:46:42,10.0.0.9,192.168.1.14,65521,80,TCP,36529,9297,32,normal_traffic,low,ftpuser,host-08
2025-10-25 21:39:29,45.89.22.4,172.16.0.3,25097,80,TCP,533,1345,44,web_request,low,ftpuser,host-17
2025-10-23 18:38:50,192.168.1.49,192.168.1.47,59143,443,TCP,210360,7261,60,web_attack,critical,ftpuser,host-12
2025-10-26 17:11:35,45.89.22.4,192.168.1.5,46631,22,TCP,1917,447,16,ssh_bruteforce,critical,root,host-05
2025-10-24 13:45:27,172.217.16.142,10.0.0.20,56717,22,TCP,4106,447,12,ssh_bruteforce,critical,admin,host-16
2025-10-27 22:35:03,10.0.0.6,172.16.0.12,57262,443,TCP,1878,12050,30,normal_traffic,low,user2,host-19
2025-10-23 16:09:36,192.168.1.20,192.168.1.25,25175,22,TCP,1973,581,84,ssh_login,low,admin,host-19
2025-10-23 19:38:47,10.0.0.18,192.168.1.2,18027,53,UDP,2760,565,111,dns_query,low,user2,host-06
2025-10-25 19:13:31,192.168.1.45,10.0.0.28,51037,110,TCP,13838,18217,35,normal_traffic,low,,host-04
2025-10-24 16:33:00,151.101.193.140,192.168.1.17,53678,993,TCP,12857,18905,49,normal_traffic,low,root,host-10
2025-10-25 21:44:10,172.16.0.1,172.16.0.15,3115,993,TCP,41318,11395,14,normal_traffic,low,user2,host-19
2025-10-22 23:10:09,192.168.1.13,10.0.0.27,22108,21,TCP,41977,16927,82,normal_traffic,low,ftpuser,host-04
2025-10-21 20:43:31,151.101.193.140,192.168.1.36,56851,22,TCP,491,145,5,port_scan,high,root,host-05
2025-10-26 00:25:08,192.168.1.11,192.168.1.34,59219,110,TCP,2623,19056,85,normal_traffic,low,root,host-06
2025-10-25 20:56:01,192.168.1.33,10.0.0.5,46062,443,TCP,2545,489,74,web_request,low,,host-15
2025-10-24 18:22:14,203.0.113.50,192.168.1.2,47983,80,TCP,390630,7924,146,web_attack,critical,ftpuser,host-17
2025-10-27 16:43:46,45.89.22.4,192.168.1.24,27517,25,TCP,39040,12080,116,normal_traffic,low,,host-01
2025-10-27 20:16:51,192.168.1.46,10.0.0.28,47206,53,UDP,1426,1489,11,dns_query,low,,host-11
2025-10-21 22:49:55,91.189.89.199,172.16.0.18,10101,53,UDP,1215,2120,113,dns_query,low,user2,host-01
2025-10-24 19:09:10,185.220.101.32,172.16.0.15,32461,143,TCP,23027,17099,117,normal_traffic,low,ftpuser,host-09
2025-10-23 23:18:07,10.0.0.1,192.168.1.4,63987,53,UDP,2191,1696,69,dns_query,low,ftpuser,host-05
2025-10-25 20:13:29,104.16.249.249,10.0.0.1,3778,80,TCP,1699,963,2,web_request,low,user1,host-20
2025-10-24 16:07:51,198.51.100.75,192.168.1.41,53059,53,UDP,4961,2367,68,dns_query,low,user2,host-12
2025-10-26 12:51:19,192.168.1.25,192.168.1.11,56091,443,TCP,357826,9852,213,web_attack,critical,ftpuser,host-17
2025-10-26 21:31:47,192.168.1.28,192.168.1.30,7456,53,UDP,519,1957,73,dns_query,low,admin,host-18
2025-10-22 22:25:19,10.0.0.27,192.168.1.46,16339,3389,TCP,26805,5353,12,normal_traffic,low,,host-12
2025-10-23 17:30:37,192.168.1.26,192.168.1.7,38999,80,TCP,17796,25000,52,normal_traffic,low,webuser,host-16
2025-10-27 23:04:17,172.16.0.5,192.168.1.40,14443,443,TCP,15662,12065,70,normal_traffic,low,user2,host-16
2025-10-26 01:20:46,192.168.1.24,192.168.1.42,56013,53,UDP,1067,2140,77,dns_query,low,root,host-17
2025-10-21 22:10:07,192.168.1.47,192.168.1.32,47093,22,TCP,1995,178,6,ssh_bruteforce,critical,user2,host-20
2025-10-23 21:56:40,192.168.1.6,10.0.0.16,54738,993,TCP,4447,2028,32,failed_login,medium,user2,host-06
2025-10-23 02:17:32,172.217.16.142,10.0.0.13,13846,445,TCP,41566,12627,108,normal_traffic,low,webuser,host-09
2025-10-26 07:21:32,172.16.0.6,172.16.0.5,37249,22,TCP,3228,1569,89,ssh_login,low,admin,host-11
2025-10-21 11:10:00,192.168.1.6,192.168.1.42,13115,3389,TCP,307,1283,74,malware_detected,critical,sshuser,host-05
2025-10-24 03:23:24,172.217.16.142,192.168.1.15,54226,995,TCP,28916,1823,41,normal_traffic,low,ftpuser,host-01
2025-10-23 14:16:48,192.168.1.27,192.168.1.26,16566,80,TCP,1309,1350,1,web_request,low,user1,host-06
2025-10-26 22:07:22,192.168.1.11,192.168.1.27,56956,993,TCP,18212,11978,94,normal_traffic,low,user1,host-15
2025-10-26 20:40:08,104.16.249.249,192.168.1.15,5308,443,TCP,2585,16768,79,normal_traffic,low,root,host-15
2025-10-26 21:17:15,198.51.100.75,10.0.0.10,15080,993,TCP,29765,20795,19,normal_traffic,low,,host-12
2025-10-27 22:34:28,91.189.89.199,192.168.1.38,16664,443,TCP,1026,1112,34,web_request,low,user2,host-15
2025-10-23 21:38:58,10.0.0.18,10.0.0.2,26661,80,TCP,3649,1695,31,web_request,low,user1,host-12
2025-10-25 02:59:25,104.16.249.249,10.0.0.21,6561,53,UDP,1721,704,14,dns_query,low,sshuser,host-11
2025-10-21 18:27:31,192.168.1.27,192.168.1.5,49243,22,TCP,18820,24662,102,normal_traffic,low,,host-10
2025-10-23 13:51:51,151.101.193.140,192.168.1.12,44070,22,TCP,4472,1991,29,ssh_login,low,user2,host-19
2025-10-22 21:43:46,185.220.101.32,192.168.1.19,25976,22,TCP,694,1506,70,ssh_bruteforce,critical,user2,host-01
2025-10-24 15:55:55,192.168.1.46,192.168.1.11,53187,143,TCP,2192,22274,72,normal_traffic,low,ftpuser,host-10
2025-10-23 15:47:35,192.168.1.40,10.0.0.24,35311,445,TCP,716,95,3,port_scan,high,webuser,host-05
2025-10-27 19:16:46,192.168.1.28,192.168.1.11,50367,22,TCP,4169,1862,93,ssh_bruteforce,critical,admin,host-07
2025-10-22 16:07:38,192.168.1.38,10.0.0.16,65254,995,TCP,21020,6502,39,normal_traffic,low,user1,host-15
2025-10-27 20:20:13,10.0.0.29,192.168.1.46,43832,993,TCP,44517,21682,72,normal_traffic,low,ftpuser,host-15
2025-10-24 20:43:47,10.0.0.15,172.16.0.14,53399,25,TCP,26645,11530,60,normal_traffic,low,user2,host-11
2025-10-26 19:46:43,10.0.0.4,10.0.0.28,13231,53,UDP,453,1733,108,dns_query,low,sshuser,host-11
2025-10-26 00:40:05,192.168.1.11,10.0.0.9,9253,443,TCP,3614,1174,62,web_request,low,ftpuser,host-10
2025-10-26 16:57:19,192.168.1.39,192.168.1.44,41491,80,TCP,2199,1861,81,web_request,low,sshuser,host-13
2025-10-22 06:26:13,172.16.0.5,10.0.0.5,49013,25,TCP,47474,14931,44,normal_traffic,low,user2,host-05
2025-10-26 20:54:16,172.16.0.17,10.0.0.20,62986,22,TCP,2052,2481,20,ssh_login,low,,host-15
2025-10-26 21:45:02,10.0.0.18,192.168.1.44,47529,110,TCP,17518,24518,67,normal_traffic,low,webuser,host-13
2025-10-25 01:38:22,10.0.0.1,192.168.1.4,29624,443,TCP,1787,213,49,web_request,low,sshuser,host-17
2025-10-22 02:41:59,192.168.1.1,192.168.1.33,10409,21,TCP,45574,5300,19,normal_traffic,low,sshuser,host-06
2025-10-25 23:21:59,172.217.16.142,192.168.1.25,5352,22,TCP,425,283,5,port_scan,high,webuser,host-06
2025-10-22 20:29:21,10.0.0.19,192.168.1.38,50669,80,TCP,141015,8437,228,web_attack,critical,ftpuser,host-16
2025-10-21 18:24:31,10.0.0.1,10.0.0.10,4097,53,UDP,1823,2490,43,dns_query,low,sshuser,host-03
2025-10-21 16:20:35,45.89.22.4,192.168.1.8,41359,80,TCP,2960,614,120,web_request,low,ftpuser,host-01
2025-10-24 02:16:31,192.168.1.13,192.168.1.15,35721,22,TCP,27750,3219,107,normal_traffic,low,sshuser,host-12
2025-10-26 17:19:59,45.89.22.4,10.0.0.27,32504,53,UDP,2086,767,93,dns_query,low,user2,host-11
2025-10-22 21:16:00,172.16.0.11,172.16.0.8,42128,22,TCP,684,2393,98,ssh_login,low,user1,host-15
2025-10-24 19:24:26,10.0.0.7,10.0.0.28,13951,3389,TCP,16717,12567,66,normal_traffic,low,admin,host-12
2025-10-25 23:33:27,10.0.0.15,10.0.0.6,1762,80,TCP,3192,382,43,web_request,low,sshuser,host-05
2025-10-26 00:37:52,10.0.0.24,192.168.1.46,2037,143,TCP,532,199,3,port_scan,high,admin,host-20
2025-10-22 20:33:09,198.51.100.75,192.168.1.11,17621,139,TCP,2613,2406,79,malware_detected,critical,,host-08
2025-10-25 03:49:11,172.16.0.15,192.168.1.14,7776,53,UDP,4641,1104,25,dns_query,low,,host-16
2025-10-25 17:21:06,172.16.0.11,172.16.0.7,25314,80,TCP,225747,4226,98,web_attack,critical,user2,host-14
2025-10-24 21:59:59,91.189.89.199,192.168.1.29,42867,53,UDP,4485,1192,53,dns_query,low,root,host-14
2025-10-26 17:50:25,192.168.1.13,10.0.0.18,22636,110,TCP,35734,14862,106,normal_traffic,low,user1,host-09
2025-10-23 01:32:58,172.16.0.3,172.16.0.15,62714,22,TCP,4611,829,75,ssh_login,low,admin,host-02
2025-10-22 00:34:39,172.16.0.17,10.0.0.14,33884,53,UDP,1609,980,113,dns_query,low,admin,host-04
2025-10-22 20:01:54,172.16.0.15,192.168.1.9,13494,80,TCP,3959,1124,120,web_request,low,user1,host-18
2025-10-24 22:48:47,10.0.0.25,192.168.1.9,34073,443,TCP,2570,1683,71,malware_detected,critical,user1,host-05
2025-10-27 16:27:29,192.168.1.11,10.0.0.28,14229,22,TCP,3324,1080,104,ssh_login,low,user2,host-14
2025-10-22 18:39:08,172.217.16.142,172.16.0.17,4503,443,TCP,4670,1881,5,web_request,low,admin,host-13
2025-10-22 17:51:12,192.168.1.30,10.0.0.18,54202,53,UDP,24683,14299,65,normal_traffic,low,webuser,host-08
2025-10-26 01:13:03,192.168.1.37,192.168.1.8,62442,445,TCP,34266,2538,14,normal_traffic,low,sshuser,host-18
2025-10-25 22:08:25,10.0.0.6,192.168.1.27,61959,995,TCP,4148,801,21,failed_login,medium,root,host-03
2025-10-23 20:49:00,172.16.0.14,192.168.1.13,49089,443,TCP,232799,7645,253,web_attack,critical,root,host-06
2025-10-24 15:57:18,91.189.89.199,172.16.0.9,57068,80,TCP,1543,1038,68,web_request,low,user2,host-13
2025-10-24 15:22:08,192.168.1.13,192.168.1.7,34280,80,TCP,3728,1311,89,web_request,low,sshuser,host-05
2025-10-23 23:23:05,192.168.1.29,192.168.1.15,7684,143,TCP,38596,13416,82,normal_traffic,low,user1,host-16
2025-10-24 17:31:15,45.89.22.4,10.0.0.18,34938,139,TCP,36981,20648,42,normal_traffic,low,webuser,host-19
2025-10-25 21:41:48,10.0.0.24,172.16.0.17,41613,110,TCP,41196,18652,71,normal_traffic,low,,host-04
2025-10-27 23:08:39,151.101.193.140,192.168.1.33,15244,53,UDP,1621,1382,65,dns_query,low,admin,host-12
2025-10-27 23:42:20,192.168.1.3,192.168.1.46,29718,22,TCP,757,2427,10,ssh_bruteforce,critical,root,host-09
2025-10-26 18:48:56,192.168.1.37,10.0.0.20,35466,995,TCP,47863,1576,103,normal_traffic,low,sshuser,host-19
2025-10-23 23:13:48,192.168.1.1,172.16.0.11,40870,443,TCP,344941,9071,265,web_attack,critical,root,host-15
2025-10-26 17:51:49,10.0.0.22,192.168.1.16,28097,80,TCP,3683,1834,84,web_request,low,webuser,host-06
2025-10-25 02:24:53,185.220.101.32,172.16.0.3,6811,445,TCP,42859,12870,55,normal_traffic,low,sshuser,host-05
2025-10-24 19:51:58,91.189.89.199,10.0.0.29,24836,25,TCP,4482,10347,38,normal_traffic,low,sshuser,host-10
2025-10-27 03:40:28,10.0.0.27,172.16.0.7,11634,53,UDP,1631,2227,118,dns_query,low,ftpuser,host-03
2025-10-21 23:57:08,172.16.0.17,192.168.1.39,29974,443,TCP,2838,1233,95,web_request,low,user1,host-12
2025-10-26 16:56:03,151.101.193.140,10.0.0.12,30993,445,TCP,3245,10958,61,normal_traffic,low,user2,host-07
2025-10-21 14:03:05,10.0.0.2,192.168.1.16,3027,445,TCP,12355,19291,45,normal_traffic,low,webuser,host-08
2025-10-28 03:04:46,172.217.16.142,172.16.0.10,14490,80,TCP,4380,1604,98,web_request,low,ftpuser,host-20
2025-10-24 18:04:17,192.168.1.29,10.0.0.5,46790,443,TCP,42098,7200,66,normal_traffic,low,sshuser,host-13
2025-10-27 21:20:03,10.0.0.28,10.0.0.3,17205,80,TCP,2934,200,12,web_request,low,sshuser,host-01
2025-10-26 15:30:27,10.0.0.15,192.168.1.24,49324,443,TCP,4189,11471,91,normal_traffic,low,webuser,host-09
2025-10-26 21:30:14,10.0.0.11,192.168.1.2,43779,25,TCP,9857,9913,23,normal_traffic,low,user2,host-02
2025-10-23 14:33:39,192.168.1.7,192.168.1.36,50813,3389,TCP,793,67,4,port_scan,high,user1,host-10
2025-10-28 03:06:23,45.89.22.4,192.168.1.11,33999,53,UDP,2292,1174,48,dns_query,low,,host-09
2025-10-21 21:42:19,192.168.1.15,192.168.1.20,57024,80,TCP,3375,1484,75,web_request,low,ftpuser,host-20
2025-10-23 22:09:20,104.16.249.249,172.16.0.3,20293,443,TCP,49551,7456,48,normal_traffic,low,admin,host-15
2025-10-24 00:13:26,198.51.100.75,172.16.0.6,32079,22,TCP,31051,11430,7,normal_traffic,low,,host-10
2025-10-25 20:56:48,10.0.0.13,10.0.0.29,60535,993,TCP,3454,16961,67,normal_traffic,low,ftpuser,host-19
2025-10-27 22:11:37,192.168.1.9,192.168.1.19,31968,53,UDP,3117,978,24,dns_query,low,,host-12
2025-10-24 20:08:39,172.16.0.1,10.0.0.12,44230,139,TCP,32179,16325,80,normal_traffic,low,user2,host-08
2025-10-23 03:01:44,45.89.22.4,10.0.0.10,28868,3389,TCP,47840,11623,25,normal_traffic,low,sshuser,host-17
2025-10-24 19:12:23,151.101.193.140,192.168.1.39,27884,21,TCP,416,180,1,port_scan,high,webuser,host-05
2025-10-27 16:58:12,192.168.1.22,172.16.0.3,20178,445,TCP,1896,2224,34,malware_detected,critical,user1,host-16
2025-10-24 21:31:15,192.168.1.2,172.16.0.7,62651,80,TCP,1621,1114,45,web_request,low,user2,host-19
2025-10-22 22:59:49,185.220.101.32,172.16.0.12,51484,143,TCP,373,988,32,malware_detected,critical,,host-10
2025-10-26 17:06:19,192.168.1.2,192.168.1.21,2987,80,TCP,2067,2298,20,web_request,low,user1,host-09
2025-10-26 19:21:41,198.51.100.75,192.168.1.13,9926,53,UDP,523,1010,22,dns_query,low,,host-18
2025-10-22 20:53:23,198.51.100.75,10.0.0.27,37146,25,TCP,28975,7300,106,normal_traffic,low,webuser,host-16
2025-10-27 22:34:01,45.89.22.4,192.168.1.15,39368,110,TCP,1257,880,40,failed_login,medium,,host-06
2025-10-21 21:23:54,192.168.1.8,192.168.1.21,57184,110,TCP,13534,1541,57,normal_traffic,low,,host-12
2025-10-25 13:23:49,10.0.0.6,192.168.1.26,56456,53,UDP,4808,2102,109,dns_query,low,root,host-08
2025-10-28 00:04:04,104.16.249.249,172.16.0.12,11039,25,TCP,922,453,4,port_scan,high,root,host-14
2025-10-24 04:02:27,192.168.1.47,192.168.1.26,11483,80,TCP,4439,2337,62,web_request,low,ftpuser,host-07
2025-10-22 22:09:33,10.0.0.4,192.168.1.47,1810,22,TCP,2073,2351,85,ssh_bruteforce,critical,user2,host-16
2025-10-24 22:36:09,192.168.1.15,10.0.0.9,16076,22,TCP,9315,1898,59,normal_traffic,low,sshuser,host-01
2025-10-26 19:04:02,172.16.0.18,10.0.0.3,45202,22,TCP,3467,1104,1,ssh_bruteforce,critical,,host-12
2025-10-23 04:22:10,172.217.16.142,192.168.1.12,7540,443,TCP,2547,1201,6,web_request,low,sshuser,host-06
2025-10-27 18:07:13,172.16.0.4,192.168.1.1,8224,22,TCP,711,1900,110,ssh_bruteforce,critical,root,host-04
2025-10-21 21:30:14,172.16.0.11,10.0.0.28,47695,3389,TCP,17252,18660,85,normal_traffic,low,webuser,host-12
2025-10-22 16:11:49,192.168.1.46,10.0.0.17,9386,53,UDP,4775,2048,26,dns_query,low,sshuser,host-01
2025-10-24 23:35:47,192.168.1.29,192.168.1.41,45902,53,UDP,1332,386,71,dns_query,low,user1,host-06
